chapter_number,chapter_title,snippet_number,filename,first_line
1,Chapter 00 - Preface/Intro,1,snippet-001.toml,[RICHARD BOOZMAN]
1,Chapter 00 - Preface/Intro,2,snippet-002-Makefile,Publisher:
1,Chapter 00 - Preface/Intro,3,snippet-003.txt,"This book is intended for educational and informational purposes only. While every effort has been made to ensure accuracy, the author and publisher assume no liability for errors, omissions, or outda"
1,Chapter 00 - Preface/Intro,4,snippet-004.txt,https://github.com/lincolnpublisherllc/Professional-Elixir-Programming.git
1,Chapter 00 - Preface/Intro,5,snippet-005.txt,"As a buyer of [Professional Nim Programming], you get exclusive access to a full repository of Unity project scripts and resources. These are packaged in a ZIP file so you can easily download and use "
1,Chapter 00 - Preface/Intro,6,snippet-006.txt,Use your phone’s camera or any QR scanner to scan the QR code included in [LINK/QR CODE PAGE] of this book.
1,Chapter 00 - Preface/Intro,7,snippet-007.txt,Windows: Right-click the ZIP and choose Extract All.
1,Chapter 00 - Preface/Intro,8,snippet-008.txt,Drag and drop the extracted .cs files into this folder.
1,Chapter 00 - Preface/Intro,9,snippet-009.txt,The practice of programming has always balanced two opposing needs: raw performance and developer productivity. Most languages lean toward one or the other. C and C++ dominate when every instruction a
1,Chapter 00 - Preface/Intro,10,snippet-010.txt,"Memory management (ARC, ORC, FFI, zero-copy parsing)."
2,Chapter 1,1,snippet-001.txt,"This chapter sets up a production-grade Nim workspace you can trust under deadlines: deterministic builds, repeatable toolchains, cross-platform delivery, and CI/CD you won’t have to apologize for. We"
2,Chapter 1,2,snippet-002.txt,1) Goals and prerequisites
2,Chapter 1,3,snippet-003.txt,A reproducible Nim toolchain (local and containerized).
2,Chapter 1,4,snippet-004.txt,Fast dev loops; strict release builds; predictable flags.
2,Chapter 1,5,snippet-005.txt,You’ve used Nim before (we won’t reteach syntax or nimble basics).
2,Chapter 1,6,snippet-006.txt,"2) Workstation setup: compilers, linkers, cross-compilers, containers"
2,Chapter 1,7,snippet-007.txt,Nim 2.x with choosenim (recommended) or system packages.
2,Chapter 1,8,snippet-008.txt,x86_64-w64-mingw32-gcc (Linux → Windows)
2,Chapter 1,9,snippet-009.txt,nim --version
2,Chapter 1,10,snippet-010.txt,--passL:-fuse-ld=mold
2,Chapter 1,11,snippet-011.nim,"Dockerfile (multi-stage, Linux static via musl example):"
2,Chapter 1,12,snippet-012.nim,"3) Project bootstrap: monorepos, multi-bin layouts, reproducible flags"
2,Chapter 1,13,snippet-013.nim,apps/api/api.nimble
2,Chapter 1,14,snippet-014.txt,"4) Editor/IDE integration: LSP, code actions, refactors"
2,Chapter 1,15,snippet-015.txt,“Go to definition” and “Find references” (critical for metaprogramming).
2,Chapter 1,16,snippet-016.txt,# at repo root
2,Chapter 1,17,snippet-017.txt,Turn on useful warnings in nim.cfg (already shown).
2,Chapter 1,18,snippet-018.txt,5) Build profiles and target triples
2,Chapter 1,19,snippet-019.txt,"dev: rich traces, assertions on; slower."
2,Chapter 1,20,snippet-020.nim,--gc:orc: default for throughput workloads (fewer refcount ops via ownership).
2,Chapter 1,21,snippet-021.nim,"nim c -d:release --passC:""-march=native"" --passL:""-s"" src/app/main.nim"
2,Chapter 1,22,snippet-022.txt,"6) Cross-platform delivery: Linux, macOS, Windows"
2,Chapter 1,23,snippet-023.txt,Prefer dynamically linked glibc for general servers; musl static for slim containers.
2,Chapter 1,24,snippet-024.txt,"7) Packaging and release engineering: versioning, signing, SBOMs, artifacts"
2,Chapter 1,25,snippet-025.txt,Use SemVer; keep a VERSION file or tag releases.
2,Chapter 1,26,snippet-026.nim,# src/app/version.nim
2,Chapter 1,27,snippet-027.txt,sample config.toml
2,Chapter 1,28,snippet-028.txt,"Sign checksums or artifacts (e.g., GPG or cosign)."
2,Chapter 1,29,snippet-029.txt,7.4 SBOMs (software bills of materials)
2,Chapter 1,30,snippet-030.txt,Include SBOM in the release assets; store a copy per build in CI.
2,Chapter 1,31,snippet-031.txt,CI: tag → build matrix → tests → artifacts → checksums → signatures → SBOM → GitHub/GitLab release → container image (if relevant).
2,Chapter 1,32,snippet-032.txt,"8) CI/CD pipelines: caching, matrix builds, test shards, security scans"
2,Chapter 1,33,snippet-033.yml,GitHub Actions (excerpt)
2,Chapter 1,34,snippet-034.nim,Run nim c -r tests/test_fast.nim in parallel to test_slow.nim.
2,Chapter 1,35,snippet-035.txt,8.4 Release job (separate workflow on tag)
2,Chapter 1,36,snippet-036.txt,Attach SBOMs; push container images with immutable digests.
2,Chapter 1,37,snippet-037.txt,9) Deliverable: production-ready repo template
2,Chapter 1,38,snippet-038.nim,nim.cfg (shown earlier)
2,Chapter 1,39,snippet-039.txt,"Profiles (dev, perf, release)"
2,Chapter 1,40,snippet-040.txt,LICENSE
2,Chapter 1,41,snippet-041.txt,Dockerfile (multi-stage release build)
2,Chapter 1,42,snippet-042.txt,10) Operational heuristics (what professionals actually do)
2,Chapter 1,43,snippet-043.txt,11) Professional challenges
2,Chapter 1,44,snippet-044.txt,Cross-platform matrix
2,Chapter 1,45,snippet-045.txt,Workspace split
2,Chapter 1,46,snippet-046.txt,"With the environment locked down, you can safely step into Advanced Language Features and Metaprogramming (Chapter 2). Your builds will be fast, repeatable, and portable. That foundation is what allow"
3,Chapter 2,1,snippet-001.txt,"Nim’s metaprogramming is unusually practical: you can start with templates (hygienic, textual-ish expansion), graduate to typed macros (AST transforms that understand types), and mix in CTFE to precom"
3,Chapter 2,2,snippet-002.txt,"1) Mental model: templates, macros, CTFE"
3,Chapter 2,3,snippet-003.nim,Prefer template when you’d write a one-liner helper but want zero call overhead and pleasant syntax.
3,Chapter 2,4,snippet-004.txt,"2) Hygiene, quotation, and anti-quotation"
3,Chapter 2,5,snippet-005.nim,import std/[macros]
3,Chapter 2,6,snippet-006.txt,"Hygiene defaults are sane, but if you must bind to a name in the caller’s scope (rare), use bindSym(""name""). Prefer not to; it couples macro to callsite."
3,Chapter 2,7,snippet-007.txt,3) Templates vs macros: pick the lightest tool
3,Chapter 2,8,snippet-008.nim,"template checkEq(a, b: untyped) ="
3,Chapter 2,9,snippet-009.toml,macro route(path: static[string]; handler: typed): untyped =
3,Chapter 2,10,snippet-010.txt,4) CTFE and partial evaluation
3,Chapter 2,11,snippet-011.txt,"proc loadCsv*(path: static[string]): seq[(string,string)] {.compileTime.} ="
3,Chapter 2,12,snippet-012.txt,"5) Pragmas, effects, calling conventions"
3,Chapter 2,13,snippet-013.json,{.inline.} for leaf hot helpers.
3,Chapter 2,14,snippet-014.txt,"proc parseHeader*(s: string): Header {.noSideEffect, raises: [ValueError].}"
3,Chapter 2,15,snippet-015.txt,"6) Generics at scale: specialization, constraints, and “typeclass-like” patterns"
3,Chapter 2,16,snippet-016.toml,type StringLike = concept x
3,Chapter 2,17,snippet-017.nim,proc joinWith(xs: openArray[string]; sep: char): string {.inline.} =
3,Chapter 2,18,snippet-018.txt,"type Vec[N: static[int], T] = array[N, T]"
3,Chapter 2,19,snippet-019.txt,"7) AST transforms for APIs: validation, routes, DSLs"
3,Chapter 2,20,snippet-020-Makefile,import feather/routes
3,Chapter 2,21,snippet-021.txt,Parameter decoding (query/body) with clear errors.
3,Chapter 2,22,snippet-022.nim,--help/OpenAPI-like static artifact (optional).
3,Chapter 2,23,snippet-023.txt,7.3 Parameter validation macro
3,Chapter 2,24,snippet-024.txt,8) Code generation vs reflection trade-offs
3,Chapter 2,25,snippet-025.txt,Reflection (runtime): walk types and values at runtime. Pro:
3,Chapter 2,26,snippet-026.txt,Guideline: prefer code generation for hot paths and public API surfaces. Use limited reflection in admin tools and debugging helpers.
3,Chapter 2,27,snippet-027.txt,9) Safety rails: avoiding macro footguns
3,Chapter 2,28,snippet-028.txt,Don’t capture names: always genSym for locals; only bindSym for deliberate links.
3,Chapter 2,29,snippet-029.txt,"Isolate macros: keep them in feather/macro/ and test them. Your app should depend on their public surface, not internals."
3,Chapter 2,30,snippet-030.txt,10) Enterprise-grade annotated sample
3,Chapter 2,31,snippet-031.nim,# src/feather/core/errors.nim
3,Chapter 2,32,snippet-032.txt,The macro enforces literal paths and ensures we pass a Handler.
3,Chapter 2,33,snippet-033.nim,11) Testing macros and DSLs
3,Chapter 2,34,snippet-034.txt,12) Documentation for generated APIs
3,Chapter 2,35,snippet-035.txt,13) Performance considerations
3,Chapter 2,36,snippet-036.txt,Avoid cross-module symbol fishing; pass symbols as explicit parameters or use ident created from known strings only when stable.
3,Chapter 2,37,snippet-037.txt,15) Deliverable: a small internal DSL with tests and docs
3,Chapter 2,38,snippet-038.txt,feather/dsl/routes: the macro shown (expanded with parameter decoding).
3,Chapter 2,39,snippet-039.nim,"tests/test_routes.nim: registration and dispatch, plus a negative test."
3,Chapter 2,40,snippet-040.nim,"Generate an OpenAPI stub as a build artifact: traverse route specs during macro expansion, aggregate into a const JSON document, dump via a tiny tool under tools/openapi_dump.nim."
3,Chapter 2,41,snippet-041.txt,16) Professional challenges
3,Chapter 2,42,snippet-042.nim,"emits InputError on type mismatch or missing required params,"
3,Chapter 2,43,snippet-043.txt,"You now have the metaprogramming toolkit to build ergonomic, type-safe APIs and infrastructure code without sacrificing clarity or runtime performance. In the next chapter, we go down one level: Memor"
4,Chapter 3,1,snippet-001.txt,"This chapter is about control. Nim lets you write at the level of data movement and lifetime without abandoning ergonomics. We’ll cover ARC vs ORC in practice, ownership hints (sink, moves), escape an"
4,Chapter 3,2,snippet-002.txt,"1) ARC vs ORC in practice; ownership, sinks, moves"
4,Chapter 3,3,snippet-003.txt,"ARC: acyclic reference counting. Predictable frees, no cycle collector. If you create cycles, they persist until you break them manually."
4,Chapter 3,4,snippet-004.nim,"A move transfers ownership from a source to a destination, allowing the compiler to skip refcount bumps on temporaries (especially string and seq)."
4,Chapter 3,5,snippet-005.txt,Mark constructors and “absorbing” APIs with sink when they store the parameter unconditionally.
4,Chapter 3,6,snippet-006.txt,2) Escape analysis intuition and avoiding accidental heap traffic
4,Chapter 3,7,snippet-007.nim,Pass a var buffer for the callee to fill rather than returning a fresh string each time.
4,Chapter 3,8,snippet-008.nim,proc tokenSpan(s: string; i: var int): Slice[int] =
4,Chapter 3,9,snippet-009.txt,Passing heap-allocated objects between threads without {.gcsafe.}/immutability discipline.
4,Chapter 3,10,snippet-010.txt,type Ctx* = pointer
4,Chapter 3,11,snippet-011.txt,"C does not refcount Nim memory. Only pass pinned (stable) pointers to C (e.g., addr of memory you control for the duration of the call)."
4,Chapter 3,12,snippet-012.toml,proc getValue*(c: Ctx; key: string): string =
4,Chapter 3,13,snippet-013.txt,nimterop can parse headers and generate bindings. Keep a thin wrapper module that exposes safe Nim types and contracts (copy data in or provide explicit free procs).
4,Chapter 3,14,snippet-014.txt,Mark FFI procs {.gcsafe.} only if they do not touch Nim heaps.
4,Chapter 3,15,snippet-015.txt,Ensure C calls are blocking or async as expected; wrap with threads or async clients accordingly.
4,Chapter 3,16,snippet-016.txt,"4) Allocation strategies: arenas, pools, stack reuse; zero-copy parsing"
4,Chapter 3,17,snippet-017.txt,var buf = newStringOfCap(256 * 1024)
4,Chapter 3,18,snippet-018.nim,type Node = ref object
4,Chapter 3,19,snippet-019.nim,proc parseKVLine(s: string; key: var Slice[int]; val: var Slice[int]): bool =
4,Chapter 3,20,snippet-020.txt,"5) Strict safety modes, panics, and controlled undefined behavior"
4,Chapter 3,21,snippet-021.txt,# nim.cfg
4,Chapter 3,22,snippet-022.txt,"proc parseHeader*(s: string): Header {.raises: [ValueError], noSideEffect.}"
4,Chapter 3,23,snippet-023.txt,6) SIMD and low-level intrinsics; bit-level ops
4,Chapter 3,24,snippet-024-Makefile,Keep loops simple (no complicated control flow).
4,Chapter 3,25,snippet-025.txt,"Prefer simple, proven idioms; test thoroughly."
4,Chapter 3,26,snippet-026.txt,"7) Measuring and proving: microbench harness, cache effects, perf counters"
4,Chapter 3,27,snippet-027.nim,"import std/[monotimes, strformat, math]"
4,Chapter 3,28,snippet-028.txt,Favor sequential access; avoid strided patterns.
4,Chapter 3,29,snippet-029.txt,"perf stat -e cycles,instructions,cache-misses ./yourprog"
4,Chapter 3,30,snippet-030.txt,8) Deliverable — A memory-tight parser (before/after)
4,Chapter 3,31,snippet-031.toml,ts=2025-09-18T09:41:00Z user=alice amount=12.5 event=purchase
4,Chapter 3,32,snippet-032.txt,type Span = Slice[int]
4,Chapter 3,33,snippet-033.toml,8.3 Memory-tight parser (spans + single pass)
4,Chapter 3,34,snippet-034.nim,"import std/[random, strutils, monotimes]"
4,Chapter 3,35,snippet-035.nim,nim c -d:release --opt:speed --gc:orc bench.nim
4,Chapter 3,36,snippet-036.txt,"When reading from files, batch into 256 KB chunks, split into lines manually, and parse each line via spans. Likewise, write outputs using a pre-sized buffer and flush when full."
4,Chapter 3,37,snippet-037.txt,9) Putting it together: practical heuristics
4,Chapter 3,38,snippet-038.txt,"Tune I/O first: bigger buffers, fewer syscalls; then attack CPU allocation hotspots."
4,Chapter 3,39,snippet-039.txt,10) Professional challenges
4,Chapter 3,40,snippet-040.txt,SIMD-aided float parse (optional)
4,Chapter 3,41,snippet-041.txt,"You’ve seen how to shape data movement in Nim: choose ORC for fewer refcounts, use moves/sinks to express ownership, rely on spans and buffer reuse to avoid allocations, and keep unsafety quarantined."
5,Chapter 4,1,snippet-001.txt,"This chapter is about building and wielding data structures that hold up under production pressure. We’ll implement a small library of reusable containers, discuss when to adopt community code, and bu"
5,Chapter 4,2,snippet-002.nim,"1) Persistent structures, rope-like strings, crit-bit trees"
5,Chapter 4,3,snippet-003.txt,"2) Ordered maps, heaps, indexed priority queues, disjoint sets"
5,Chapter 4,4,snippet-004.nim,"Nim’s OrderedTable preserves insertion order; for sorted order by key, implement a thin wrapper around a balanced tree (e.g., a treap)."
5,Chapter 4,5,snippet-005.nim,"A binary heap supports push/popMin in O(log n). Many real systems require decrease-key (e.g., Dijkstra); use an indexed PQ that maintains positions."
5,Chapter 4,6,snippet-006.nim,3) Lock-free and wait-free patterns where feasible
5,Chapter 4,7,snippet-007.nim,"4) Numerical kernels: vectorization, blocking, cache-aware layouts"
5,Chapter 4,8,snippet-008.txt,5) Algorithmic profiling and asymptotics under realistic constraints
5,Chapter 4,9,snippet-009.txt,"n (problem size),"
5,Chapter 4,10,snippet-010.txt,"tail latencies (p95/p99),"
5,Chapter 4,11,snippet-011.txt,"cache misses (external perf stat),"
5,Chapter 4,12,snippet-012.txt,6) Implement vs adopt: reading and adapting open-source implementations
5,Chapter 4,13,snippet-013.txt,"The structure is tricky and battle-tested (e.g., radix tree, high-performance JSON, SIMD codecs)."
5,Chapter 4,14,snippet-014.txt,Read the code; Nim projects are usually approachable.
5,Chapter 4,15,snippet-015.txt,Vendor (copy into your repo) if availability matters; pin versions otherwise.
5,Chapter 4,16,snippet-016.txt,"You need a specialized behavior (e.g., delete-min + decrease-key + change-priority with a custom key type)."
5,Chapter 4,17,snippet-017.txt,7) Deliverables: a reusable library with benchmarks and property tests
5,Chapter 4,18,snippet-018.nim,advanced-ds/
5,Chapter 4,19,snippet-019.nim,# tests/t_unionfind.nim
5,Chapter 4,20,snippet-020.nim,# tests/t_ipq.nim
5,Chapter 4,21,snippet-021.nim,"Write simple, self-contained runners; print ops/sec and allocations if measured."
5,Chapter 4,22,snippet-022.txt,8) Professional heuristics
5,Chapter 4,23,snippet-023.txt,"Make copy vs view explicit in APIs (toOwned, span), and document complexity."
5,Chapter 4,24,snippet-024.txt,9) Professional challenges
5,Chapter 4,25,snippet-025.txt,Indexed PQ in Dijkstra
5,Chapter 4,26,snippet-026.txt,"A library of pragmatic structures (persistent vector, rope, treap map, indexed PQ, union–find, MPSC ring)."
5,Chapter 4,27,snippet-027.txt,Property tests and benchmarks that tell you when changes help or hurt.
6,Chapter 5,1,snippet-001.txt,"This chapter is about building systems that survive growth: new features, new engineers, new deployments. We’ll define a clean layering model (core → ports → adapters → interfaces), control the public"
6,Chapter 5,2,snippet-002.txt,"1) Layering and boundaries: core, ports, adapters, interfaces"
6,Chapter 5,3,snippet-003.txt,core/: pure domain types and logic; no I/O; deterministic; heavy on func.
6,Chapter 5,4,snippet-004.txt,svc.todo/
6,Chapter 5,5,snippet-005.nim,# libs/core/domain.nim
6,Chapter 5,6,snippet-006.txt,2) Public surface control: stable APIs and compatibility promises
6,Chapter 5,7,snippet-007.nim,# libs/app/mod.nim (public facade)
6,Chapter 5,8,snippet-008.txt,"Document request/response stability for interfaces (e.g., GET /v1/tasks response fields)."
6,Chapter 5,9,snippet-009.txt,"3) Configuration strategy: hierarchical config, defaults, overrides"
6,Chapter 5,10,snippet-010.txt,Config file (TOML/YAML) per environment.
6,Chapter 5,11,snippet-011.nim,# libs/app/config.nim
6,Chapter 5,12,snippet-012.txt,"4) Eventing and workflows: CQRS, background jobs"
6,Chapter 5,13,snippet-013.txt,Commands mutate state; return minimal info.
6,Chapter 5,14,snippet-014.nim,"Add a JobPort and an adapter (NATS/Kafka/Redis). Jobs are messages with a type, payload, and dedupe key."
6,Chapter 5,15,snippet-015.txt,Idempotency: pass a deterministic key and ignore duplicates downstream.
6,Chapter 5,16,snippet-016.txt,Command toggleTask(id) flips done and writes event task.done to outbox within the DB transaction.
6,Chapter 5,17,snippet-017.txt,"Email adapter consumes task.done, sends email (mock in dev), marks event delivered."
6,Chapter 5,18,snippet-018.txt,5) Versioned schemas and migrations across services
6,Chapter 5,19,snippet-019.txt,"Migration must be repeatable in CI and forward-only. Rollback scripts optional, not required for production fixes (prefer forward fix)."
6,Chapter 5,20,snippet-020.json,"{""schema"":""task_done@1"",""id"":""t1"",""user"":""u1"",""ts"":""2025-09-18T12:00:00Z""}"
6,Chapter 5,21,snippet-021.txt,Event evolution: publish both @1 and @2 for a window; flip consumers; deprecate @1.
6,Chapter 5,22,snippet-022.txt,6) Monorepo vs multi-repo in practice
6,Chapter 5,23,snippet-023.txt,Requires discipline to avoid spaghetti imports; needs code-owner rules and visibility boundaries.
6,Chapter 5,24,snippet-024.txt,Cross-repo refactors are slower; duplicated CI boilerplate unless templated.
6,Chapter 5,25,snippet-025.nim,"Add import guards (e.g., expose only libs/app/mod.nim) and enforce boundaries in CI with a simple static checker or review rules."
6,Chapter 5,26,snippet-026.txt,7) Reference architecture package (deliverables)
6,Chapter 5,27,snippet-027.nim,ref-arch/
6,Chapter 5,28,snippet-028.txt,"Central function maps AppError → (status, json error)."
6,Chapter 5,29,snippet-029.txt,"config/ per environment; operations.md describes rollout, flags, and health endpoints."
6,Chapter 5,30,snippet-030.nim,8) Operational heuristics (checklist)
6,Chapter 5,31,snippet-031.txt,Outbox for cross-service effects; avoid two-phase commit.
6,Chapter 5,32,snippet-032.txt,9) Professional challenges
6,Chapter 5,33,snippet-033.txt,Blue/Green migration
6,Chapter 5,34,snippet-034.txt,Repository split
7,Chapter 6,1,snippet-001.txt,"Concurrency Models at Scale (Actors, Async, Parallelism)"
7,Chapter 6,2,snippet-002.txt,1) When to use async vs threads vs actors (hybrid designs)
7,Chapter 6,3,snippet-003.txt,Strengths: minimal thread overhead; scales to thousands of connections.
7,Chapter 6,4,snippet-004.txt,"Best for: CPU-bound work (parsing, crypto, ML ops)."
7,Chapter 6,5,snippet-005.txt,"Best for: stateful components that must be isolated but concurrently accessible (sessions, shards, services)."
7,Chapter 6,6,snippet-006.txt,"Async for the outer loop (accept connections, read streams)."
7,Chapter 6,7,snippet-007.txt,2) Channels and backpressure
7,Chapter 6,8,snippet-008.nim,import std/channels
7,Chapter 6,9,snippet-009.txt,Batch (recvMany style).
7,Chapter 6,10,snippet-010.txt,3) Actor mailboxes and ownership
7,Chapter 6,11,snippet-011.nim,"import std/[channels, strformat, locks, os]"
7,Chapter 6,12,snippet-012.txt,"4) Work stealing, batching, reducing contention"
7,Chapter 6,13,snippet-013.txt,Use per-core queues (sharding).
7,Chapter 6,14,snippet-014.txt,"5) Determinism, ordering, and reproducible concurrency tests"
7,Chapter 6,15,snippet-015.nim,import std/unittest
7,Chapter 6,16,snippet-016.txt,"6) Fault handling: cancellation, timeouts, retries, idempotency"
7,Chapter 6,17,snippet-017.nim,"import std/[asyncdispatch, asyncnet]"
7,Chapter 6,18,snippet-018.txt,let fut = recvLine(s)
7,Chapter 6,19,snippet-019.txt,Tag commands with idempotency keys (uuid) so repeated attempts don’t double-apply.
7,Chapter 6,20,snippet-020.txt,7) Deliverable — High-throughput hybrid pipeline
7,Chapter 6,21,snippet-021.txt,type Line = string
7,Chapter 6,22,snippet-022.nim,"import std/[asyncdispatch, strutils, os, channels]"
7,Chapter 6,23,snippet-023.nim,"import std/[locks, math, sequtils]"
7,Chapter 6,24,snippet-024.nim,proc aggregator() =
7,Chapter 6,25,snippet-025.txt,when isMainModule:
7,Chapter 6,26,snippet-026.toml,Reader = async task.
7,Chapter 6,27,snippet-027.txt,8) Load testing the pipeline
7,Chapter 6,28,snippet-028.txt,"seq 1 1000000 | awk '{print ""u""$1"" ""rand()}' > input.txt"
7,Chapter 6,29,snippet-029.txt,Throughput (lines/sec).
7,Chapter 6,30,snippet-030.txt,Run on pinned CPU cores (taskset).
7,Chapter 6,31,snippet-031.txt,9) Professional heuristics
7,Chapter 6,32,snippet-032.txt,"Batch whenever possible; aim for “fewer, bigger messages.”"
7,Chapter 6,33,snippet-033.txt,"Simulate failure: add chaos tests (timeouts, crashes, dropped messages)."
7,Chapter 6,34,snippet-034.txt,10) Professional challenges
7,Chapter 6,35,snippet-035.txt,Flow control: Simulate slow workers; show how bounded channels apply backpressure upstream. Add metrics.
7,Chapter 6,36,snippet-036.txt,Retry with idempotency: Add retry logic to the pipeline; verify no duplicate stats when the same line is retried.
7,Chapter 6,37,snippet-037.txt,"You now know when to apply async, threads, and actors—and how to combine them. You’ve seen how to enforce backpressure, build actors with supervision, reduce contention, and test concurrency determini"
8,Chapter 7,1,snippet-001.txt,"1) Database drivers at scale: SQLite, Postgres, and connection pools"
8,Chapter 7,2,snippet-002.txt,"Limitations: single-writer lock, not ideal under high write concurrency."
8,Chapter 7,3,snippet-003.txt,"Robust, scalable, widely supported in Nim (db_postgres)."
8,Chapter 7,4,snippet-004.txt,Each connection is costly; pooling amortizes setup.
8,Chapter 7,5,snippet-005.nim,"import std/[db_postgres, locks]"
8,Chapter 7,6,snippet-006.txt,"2) Query safety, migrations, transactional boundaries"
8,Chapter 7,7,snippet-007.txt,"let rows = db.getAllRows(""SELECT * FROM users WHERE id=$1"", userId)"
8,Chapter 7,8,snippet-008.txt,Apply sequentially; record in schema_migrations table.
8,Chapter 7,9,snippet-009-Makefile,"db.exec(""BEGIN"")"
8,Chapter 7,10,snippet-010.txt,3) HTTP servers and clients; resilience patterns and deadlines
8,Chapter 7,11,snippet-011-Makefile,import jester
8,Chapter 7,12,snippet-012.nim,"import std/[httpclient, asyncdispatch]"
8,Chapter 7,13,snippet-013.txt,Bulkheads: separate threadpools per service call.
8,Chapter 7,14,snippet-014.txt,"4) Message queues and streams: Kafka, NATS, etc."
8,Chapter 7,15,snippet-015.sh,import nats
8,Chapter 7,16,snippet-016.txt,At-least-once: design consumers idempotent.
8,Chapter 7,17,snippet-017.txt,"5) Cloud packaging: containers, base images, health checks, probes"
8,Chapter 7,18,snippet-018.txt,/health/ready: returns 200 when DB + deps alive.
8,Chapter 7,19,snippet-019.txt,"6) Observability hooks: logs, metrics, traces"
8,Chapter 7,20,snippet-020.txt,Use structured JSON logs (key/value).
8,Chapter 7,21,snippet-021.sh,"echo %*{""ts"": $now(), ""level"": ""info"", ""msg"": ""started"", ""port"": port}"
8,Chapter 7,22,snippet-022.txt,Pass trace IDs in logs and HTTP headers (X-Trace-Id).
8,Chapter 7,23,snippet-023.txt,DB: Postgres for task persistence.
8,Chapter 7,24,snippet-024.nim,task-svc/
8,Chapter 7,25,snippet-025.txt,when isMainModule:
8,Chapter 7,26,snippet-026-Makefile,routes:
8,Chapter 7,27,snippet-027.txt,Build with Dockerfile.
8,Chapter 7,28,snippet-028.txt,8) Professional challenges
8,Chapter 7,29,snippet-029.txt,Observability: Add Prometheus metrics for DB latency and external API calls. Visualize with Grafana.
9,Chapter 8,1,snippet-001.txt,"At scale, correctness isn’t enough. A professional Nim service must withstand malicious inputs, operational failures, and compliance requirements. Security and reliability aren’t bolt-ons; they shape "
9,Chapter 8,2,snippet-002.txt,1) Threat modeling and trust boundaries
9,Chapter 8,3,snippet-003.txt,External client → API endpoint (untrusted).
9,Chapter 8,4,snippet-004.txt,"Injection (SQL, shell, unsafe deserialization)."
9,Chapter 8,5,snippet-005.txt,"2) Authentication, authorization, and secret handling"
9,Chapter 8,6,snippet-006.txt,Terminate TLS at the edge (reverse proxy or Nim TLS server).
9,Chapter 8,7,snippet-007.txt,Favor role-based access control (RBAC) for coarse permissions.
9,Chapter 8,8,snippet-008.txt,"3) Input validation, memory hazards, and safe FFI"
9,Chapter 8,9,snippet-009.txt,"Validate length, type, and format for all untrusted inputs."
9,Chapter 8,10,snippet-010.nim,proc validateUserId(s: string): bool =
9,Chapter 8,11,snippet-011.txt,Use {.experimental:strictFuncs.} to prevent side effects in pure funcs.
9,Chapter 8,12,snippet-012.txt,Wrap every foreign function with a safe Nim proc that copies data as needed.
9,Chapter 8,13,snippet-013.nim,Mark unsafe procs clearly in module names (ffi_unsafe.nim).
9,Chapter 8,14,snippet-014.txt,"4) Rate limiting, quotas, and isolation strategies"
9,Chapter 8,15,snippet-015.nim,Token bucket or leaky bucket algorithms; implement in cache/redis.
9,Chapter 8,16,snippet-016.txt,Provide clear error codes when limits hit (429 Too Many Requests).
9,Chapter 8,17,snippet-017.txt,"Use OS features: cgroups (Linux), seccomp filters, AppArmor."
9,Chapter 8,18,snippet-018.txt,"5) Defensive coding: error taxonomies, circuit breakers, bulkheads"
9,Chapter 8,19,snippet-019.txt,type Circuit = ref object
9,Chapter 8,20,snippet-020.txt,"6) Compliance basics: logging, retention, PII handling"
9,Chapter 8,21,snippet-021.txt,"Include request IDs, trace IDs, user IDs (when safe)."
9,Chapter 8,22,snippet-022.txt,Retain audit logs per policy (30/90/365 days).
9,Chapter 8,23,snippet-023.txt,"Classify fields (public, internal, sensitive)."
9,Chapter 8,24,snippet-024.txt,"Encrypt at rest (DB column encryption, disk-level encryption)."
9,Chapter 8,25,snippet-025.txt,7) Deliverables — Security review checklist and hardened profile
9,Chapter 8,26,snippet-026.txt,TLS enforced everywhere (in transit).
9,Chapter 8,27,snippet-027.txt,"Compliance: retention policy, PII redaction."
9,Chapter 8,28,snippet-028.txt,-d:release --opt:speed --gc:orc --panics:on
9,Chapter 8,29,snippet-029.txt,Traces include user ID (when allowed).
9,Chapter 8,30,snippet-030.txt,Dependency scanning (SAST).
9,Chapter 8,31,snippet-031.txt,8) Professional challenges
10,Chapter 9,1,snippet-001.txt,"1) Toolchain overview: built-in profiler, external profilers, tracing"
10,Chapter 9,2,snippet-002.nim,nim c -d:release --profiler:on prog.nim
10,Chapter 9,3,snippet-003.txt,"Linux: perf, gprof, flamegraph.pl for sampling."
10,Chapter 9,4,snippet-004.txt,"Export spans with OpenTelemetry (trace API calls, DB queries)."
10,Chapter 9,5,snippet-005.txt,2) CPU vs I/O bottlenecks; sampling and instrumentation
10,Chapter 9,6,snippet-006.txt,"Tight loops (JSON parsing, cryptography)."
10,Chapter 9,7,snippet-007.txt,"Mitigation: vectorization, caching, parallelism."
10,Chapter 9,8,snippet-008.txt,"Mitigation: connection pools, batching, streaming, caching."
10,Chapter 9,9,snippet-009.txt,"Sampling (perf, flamegraphs): low overhead, approximate."
10,Chapter 9,10,snippet-010.txt,3) Memory profiling methods and leak hunting
10,Chapter 9,11,snippet-011.nim,nim c -d:useMalloc -d:release --gc:orc --debugger:native prog.nim
10,Chapter 9,12,snippet-012.txt,"Valgrind (Linux): detect leaks, invalid reads/writes."
10,Chapter 9,13,snippet-013.txt,Cycles under ARC (use weakref or manual break).
10,Chapter 9,14,snippet-014.txt,"4) Perf experiments: method, baselines, budgets, regression guards"
10,Chapter 9,15,snippet-015.txt,"Define workload (e.g., 100k API calls, 1M log lines)."
10,Chapter 9,16,snippet-016.txt,Keep results in repo (BENCH.md).
10,Chapter 9,17,snippet-017.txt,"Example: 99th percentile request latency < 250ms, RSS < 512MB."
10,Chapter 9,18,snippet-018.txt,Compare current vs last baseline; alert if >5% slowdown.
10,Chapter 9,19,snippet-019.txt,"5) Debugging at scale: repros, snapshots, time travel strategies"
10,Chapter 9,20,snippet-020.txt,"Dump request context when exceptions occur (request-id, inputs)."
10,Chapter 9,21,snippet-021.txt,6) Deliverable — Repeatable performance lab
10,Chapter 9,22,snippet-022.nim,perf-lab/
10,Chapter 9,23,snippet-023.txt,wrk -t4 -c100 -d30s http://localhost:8080/tasks > results/http.txt
10,Chapter 9,24,snippet-024.txt,perf record -F 99 -p $(pidof service) -g -- sleep 30
10,Chapter 9,25,snippet-025.txt,make bench
10,Chapter 9,26,snippet-026.txt,7) Professional challenges
10,Chapter 9,27,snippet-027.txt,I/O bottleneck drill: Simulate 500ms DB latency; add cache and measure improved p95 latency.
11,Chapter 10,1,snippet-001.txt,1) Networking and protocol engines
11,Chapter 10,2,snippet-002.txt,Pattern: async/await with asyncnet for tens of thousands of sockets.
11,Chapter 10,3,snippet-003.txt,Median latency < 3ms; p99 < 15ms under 1 Gbps traffic.
11,Chapter 10,4,snippet-004.txt,Used seq[byte] slices instead of string.
11,Chapter 10,5,snippet-005.txt,Embedded C crypto library via FFI (nimterop).
11,Chapter 10,6,snippet-006.txt,2) High-volume data pipelines
11,Chapter 10,7,snippet-007.txt,"Pattern: hybrid model: async file reads, thread workers for parsing, actor-based aggregators."
11,Chapter 10,8,snippet-008.txt,3) Systems components and embedded utilities
11,Chapter 10,9,snippet-009.txt,"Teams adopted Nim for internal CLIs (DB migrations, deploy helpers)."
11,Chapter 10,10,snippet-010.txt,"Cross-compiled to ARM (Raspberry Pi, Cortex-M)."
11,Chapter 10,11,snippet-011.txt,Consumed < 8 MB RAM per process.
11,Chapter 10,12,snippet-012.txt,"4) What worked, what didn’t: patterns and anti-patterns"
11,Chapter 10,13,snippet-013.txt,"5) Architecture notes, ops findings, and performance data"
11,Chapter 10,14,snippet-014.txt,Nim binaries start fast (<50ms cold start).
11,Chapter 10,15,snippet-015.txt,6) Deliverables — Annotated readings & incident-style exercises
11,Chapter 10,16,snippet-016.txt,6.2 Exercises (real incidents mirrored)
11,Chapter 10,17,snippet-017.txt,Simulate: service RSS grows steadily.
11,Chapter 10,18,snippet-018.txt,Simulate: p99 latency doubles during peak.
11,Chapter 10,19,snippet-019.txt,Simulate: service panics when traffic > 10k RPS.
11,Chapter 10,20,snippet-020.txt,Fix: shard cache per core with actor model.
11,Chapter 10,21,snippet-021.txt,Task: add retry logic + /health/ready endpoint.
11,Chapter 10,22,snippet-022.txt,Simulate: user PII logged accidentally.
11,Chapter 10,23,snippet-023.txt,"Next chapter: Domain-Specific Applications (AI, Scientific, Gaming, Finance, etc.)—where we explore how Nim adapts to specialized, high-value fields."
12,Chapter 11,1,snippet-001.txt,"Domain-Specific Applications (AI, Scientific, Gaming, Finance)"
12,Chapter 11,2,snippet-002.txt,"1) AI tooling: feature stores, embeddings, and serving adapters"
12,Chapter 11,3,snippet-003.txt,Use float32/float16 bindings (CUBLAS/BLAS).
12,Chapter 11,4,snippet-004.txt,"2) Scientific computing: numerics, bindings, and data formats"
12,Chapter 11,5,snippet-005.txt,Deterministic floating-point handling (--floatChecks:on).
12,Chapter 11,6,snippet-006.txt,"3) Game loops: real-time ticks, ECS-like patterns, asset pipelines"
12,Chapter 11,7,snippet-007.txt,No GC pauses in critical sections (use ARC/ORC + preallocated pools).
12,Chapter 11,8,snippet-008.txt,"4) Finance: low-latency feeds, risk engines, auditability"
12,Chapter 11,9,snippet-009.txt,Risk engines: multithreaded evaluation across positions; Nim’s threads + ORC allow predictable memory.
12,Chapter 11,10,snippet-010.txt,Deterministic rounding (decimal or fixed-point math).
12,Chapter 11,11,snippet-011.txt,"5) Precision, determinism, and testing in each domain"
12,Chapter 11,12,snippet-012.txt,6) Deliverable — Pick one domain
12,Chapter 11,13,snippet-013.nim,finance/
12,Chapter 11,14,snippet-014.nim,# finance/var.nim
12,Chapter 11,15,snippet-015.nim,# tests/test_var.nim
12,Chapter 11,16,snippet-016.txt,nimble test
12,Chapter 11,17,snippet-017.txt,Add historical (non-parametric) VaR by sorting returns.
12,Chapter 11,18,snippet-018.txt,7) Professional challenges
12,Chapter 11,19,snippet-019.txt,Scientific binding: Wrap FFTW and implement a Nim proc for spectral density. Test against known results.
12,Chapter 11,20,snippet-020.txt,Cross-domain: Implement reproducible RNG in all four domains. Compare results across machines.
13,Chapter 12,1,snippet-001.txt,"This chapter guides you through requirements definition, architecture decisions (ADRs), module layout and standards, phased implementation, and scalability/failure drills. The deliverable is a working"
13,Chapter 12,2,snippet-002.txt,"1) Choosing a capstone: distributed system, compiler, or web framework"
13,Chapter 12,3,snippet-003.txt,Example: Key-value store with replication + sharding.
13,Chapter 12,4,snippet-004.txt,Example: A toy language transpiler to Nim or C.
13,Chapter 12,5,snippet-005.txt,"Example: Async HTTP framework with routing, middleware, and templates."
13,Chapter 12,6,snippet-006.txt,"2) Requirements, milestones, and architecture decisions (ADRs)"
13,Chapter 12,7,snippet-007.txt,Leader election (Raft-lite).
13,Chapter 12,8,snippet-008.txt,ADRs (Architecture Decision Records):
13,Chapter 12,9,snippet-009.txt,"3) Module layout, contribution rules, and coding standards"
13,Chapter 12,10,snippet-010.txt,"Style: Nim style guide + project-specific (naming, error handling, logging)."
13,Chapter 12,11,snippet-011.txt,4) Implementation phases with checkpoints and demos
13,Chapter 12,12,snippet-012.txt,"Repo, nimble file, Dockerfile, CI pipeline."
13,Chapter 12,13,snippet-013.txt,File-based storage with WAL (write-ahead log).
13,Chapter 12,14,snippet-014.txt,Each phase ends with a demo (unit tests + integration tests + docs update).
13,Chapter 12,15,snippet-015.txt,"5) Scalability testing, failure drills, and production hardening"
13,Chapter 12,16,snippet-016.txt,Stress test with chaos engineering (latency injection).
13,Chapter 12,17,snippet-017.txt,6) Deliverable — Capstone project
13,Chapter 12,18,snippet-018.txt,"Docs: README, ADRs, API docs, ops notes."
13,Chapter 12,19,snippet-019.txt,# KVStore — Distributed Key-Value Store in Nim
13,Chapter 12,20,snippet-020.txt,7) Professional challenges
14,Chapter 13,1,snippet-001.txt,"1) Test strategy: unit, property, snapshot, integration, chaos"
14,Chapter 13,2,snippet-002.nim,Should run fast (<1s).
14,Chapter 13,3,snippet-003.txt,Use tools like hypothesis-nim (or build generators).
14,Chapter 13,4,snippet-004.txt,Example: reversing twice yields the original.
14,Chapter 13,5,snippet-005.txt,"Capture stable outputs (API responses, rendered configs)."
14,Chapter 13,6,snippet-006.txt,"Inject failures (kill DB, drop network)."
14,Chapter 13,7,snippet-007.txt,"2) CI/CD at scale: pipelines, artifact management, promotion"
14,Chapter 13,8,snippet-008.txt,Cache Nim builds (nimble install) to speed jobs.
14,Chapter 13,9,snippet-009.txt,Produce versioned binaries (v1.2.3).
14,Chapter 13,10,snippet-010.txt,"3) Documentation: user guides, API docs, runbooks, style guides"
14,Chapter 13,11,snippet-011.txt,## Returns the nth Fibonacci number.
14,Chapter 13,12,snippet-012.nim,"Example: naming for procs (verbNoun), error types (FooError)."
14,Chapter 13,13,snippet-013.txt,4) Code review and governance; API stability and deprecations
14,Chapter 13,14,snippet-014.txt,"Goals: correctness, readability, security, maintainability."
14,Chapter 13,15,snippet-015.txt,Public modules = contracts.
14,Chapter 13,16,snippet-016.txt,"Mark deprecated APIs with {.deprecated: ""use X instead"".}."
14,Chapter 13,17,snippet-017.txt,Log warnings when deprecated APIs are used.
14,Chapter 13,18,snippet-018.txt,5) On-call readiness and incident response basics
14,Chapter 13,19,snippet-019.txt,"Monitor: alerts with SLOs (e.g., 99.9% uptime)."
14,Chapter 13,20,snippet-020.txt,"Postmortem: blameless, focus on process fixes."
14,Chapter 13,21,snippet-021.txt,"Latency, traffic, errors, saturation (the “four golden signals”)."
14,Chapter 13,22,snippet-022.txt,6) Deliverable — Team playbook with templates and checklists
14,Chapter 13,23,snippet-023.txt,ADR template: Context → Decision → Consequences.
14,Chapter 13,24,snippet-024.txt,Incident response template
14,Chapter 13,25,snippet-025.txt,7) Professional challenges
14,Chapter 13,26,snippet-026.txt,"Draft an incident postmortem using the template, based on a simulated outage."
15,Chapter 14,1,snippet-001.txt,"1) Project selection, contribution etiquette, and patch strategy"
15,Chapter 14,2,snippet-002.txt,"Pick a project you already use daily (db drivers, HTTP libs, serialization tools)."
15,Chapter 14,3,snippet-003.txt,Avoid “drive-by PRs” without follow-up; stay engaged until merge.
15,Chapter 14,4,snippet-004.txt,"2) Maintaining modules: triage, versioning, deprecation"
15,Chapter 14,5,snippet-005.txt,"Tag with labels (bug, enhancement, help wanted)."
15,Chapter 14,6,snippet-006.txt,Use semantic versioning (MAJOR.MINOR.PATCH).
15,Chapter 14,7,snippet-007.txt,Mark APIs as deprecated with {.deprecated.} annotations.
15,Chapter 14,8,snippet-008.txt,"3) Running a community: roadmaps, issues, discussions"
15,Chapter 14,9,snippet-009.txt,4) Funding and sustainability options
15,Chapter 14,10,snippet-010.txt,"Grants: some foundations fund ecosystem libraries (e.g., NLnet, Mozilla)."
15,Chapter 14,11,snippet-011.txt,5) Deliverables — Upstream contribution or maintained module
15,Chapter 14,12,snippet-012.txt,"Pick a Nim library you use (e.g., httpx, jsony, db_postgres)."
15,Chapter 14,13,snippet-013.nim,Example: nim-rate-limiter
15,Chapter 14,14,snippet-014.nim,import std/unittest
15,Chapter 14,15,snippet-015.txt,6) Professional challenges
15,Chapter 14,16,snippet-016.txt,Write a new module (nim-cache) and publish on Nimble.
15,Chapter 14,17,snippet-017.txt,"You now know how to contribute effectively, maintain responsibly, and engage communities around Nim. Open-source isn’t just about code; it’s about trust, clarity, and sustainability. By contributing u"
16,Chapter 15,1,snippet-001.txt,1) Language roadmap and ecosystem trends
16,Chapter 15,2,snippet-002.txt,"Package ecosystem: Expansion of Nimble libraries (especially in AI, data, and cloud)."
16,Chapter 15,3,snippet-003.txt,"Tooling: Stronger LSP (language server protocol) support, improved IDE integration, faster incremental builds."
16,Chapter 15,4,snippet-004.txt,2) Interop and multi-language systems
16,Chapter 15,5,snippet-005.txt,3) Performance frontiers and new runtimes
16,Chapter 15,6,snippet-006.txt,"Special runtimes: Nim on bare metal (microcontrollers), Nim in serverless environments, and Nim compiled to WASM for edge workloads."
16,Chapter 15,7,snippet-007.txt,4) Where Nim fits in modern stacks
16,Chapter 15,8,snippet-008.txt,"Think of Nim as the quiet workhorse—not the loudest player in tech trends, but often the most pragmatic when you need both speed and readability."
16,Chapter 15,9,snippet-009.txt,5) Lifelong learning plan and advanced readings
16,Chapter 15,10,snippet-010.txt,Practice interop: build small FFI projects (Nim ↔ C/C++ ↔ Python).
16,Chapter 15,11,snippet-011.txt,"Cross-train: study Rust, Go, or Erlang to broaden concurrency and safety perspectives."
16,Chapter 15,12,snippet-012.txt,Nim Compiler Internals (official docs + source).
16,Chapter 15,13,snippet-013.nim,6) Deliverable — Personal roadmap (next two years)
16,Chapter 15,14,snippet-014.txt,"Build a medium-scale project (e.g., Nim-based CLI with async I/O)."
16,Chapter 15,15,snippet-015.txt,Build a cross-language system (Nim + Python + Rust).
16,Chapter 15,16,snippet-016.txt,"Would you like me to now assemble all 15 chapters into a single structured outline (like a professional book proposal), so you see the full flow from start to finish?"
16,Chapter 15,17,snippet-017.txt,1) Capstone Project — Integrated Advanced System
16,Chapter 15,18,snippet-018.txt,"Goal: Build a fault-tolerant, horizontally scalable service that ingests, processes, and serves analytics queries on real-time streams."
16,Chapter 15,19,snippet-019.txt,Processing: Thread pools + actor mailboxes for CPU-bound transformations.
16,Chapter 15,20,snippet-020.txt,Optimisation: Profiling hot paths; apply ARC/ORC tuning.
16,Chapter 15,21,snippet-021.txt,"Documentation (README, ADRs, runbooks)."
16,Chapter 15,22,snippet-022.txt,2) Career Pathways and Opportunities
16,Chapter 15,23,snippet-023.txt,"Roles: Systems engineer, backend developer, research software engineer, quant developer, DevOps toolsmith, or open-source maintainer."
16,Chapter 15,24,snippet-024.txt,3) Further Specialisation Resources
16,Chapter 15,25,snippet-025.txt,Arraymancer: tensor/ML framework.
16,Chapter 15,26,snippet-026.txt,"To receive your materials, please send an email to info@lincolnpublishers.us with the subject line Companion Resources for [Professional Nim Programming]. Include your name and proof of purchase (orde"
16,Chapter 15,27,snippet-027.txt,"Thank you for purchasing [Professional Nim Programming]. I’m truly grateful that you’ve chosen this book as part of your learning and growth. Every reader matters, and I hope the explanations, example"
16,Chapter 15,28,snippet-028.txt,— [Richard Boozman]
